{"emitterID":"IDBWMSOyt4DNF2VoAAAB","receiveID":"uPgnwugGzXGiCn_wAAAD","emitted":[[9,1,3,8,3,5,1,1,2,3]],"received":[[5,5,5,5,5,5,5,5,4,1]],"duration":[[606,176,164,173,172,172,184,190,504,489]],"currentBlock":0,"start_last_event":"2022-06-13T11:31:12.911Z","mi_bits":[0.6464393446710156],"mi_bits_s":[2.284237967035391]}